ItemID,index,dic_index
44021641588,2,CC
18999829018,2,CC
18999829018,2,CC
24596036343,2,DC
24596036343,2,JB
45219159638,2,DC
45219159638,2,CC
40565901878,2,DK
40565901878,2,QC
36613205733,2,CC
36613205733,2,XB
36613205733,2,CC
36613205733,2,XB
36613205733,2,EJ
36613205733,2,YD
43859660891,2,CC
43859660891,2,CC
38708270318,2,CC
38708270318,2,CC
35540978058,2,CC
35540978058,2,CC
35540978058,2,UV
35540978058,2,DC
26519380192,2,UV
26519380192,2,PZ
26519380192,2,DC
521513506795,2,CC
521513506795,2,CC
18053093587,2,UV
18053093587,2,UV
42468840454,2,MO
42468840454,2,YK
522033862841,2,CC
522033862841,2,CC
521870063421,2,CC
521870063421,2,CC
522097809685,2,CC
522097809685,2,CC
523776961013,2,CC
523776961013,2,CC
16831203027,2,CC
16831203027,2,CC
19999809846,2,CC
19999809846,2,CC
20167630571,2,XB
20167630571,2,DC
20167630571,2,SP
20167630571,2,XB
27462844289,2,CC
27462844289,2,UV
27462844289,2,CC
27462844289,2,UV
36910165248,2,CC
36910165248,2,CC
37994506504,2,CC
37994506504,2,CC
38663832002,2,CC
38663832002,2,CC
39237426326,2,DC
41802068265,2,CC
41802068265,2,YK
41802068265,2,CC
41802068265,2,CC
43168072227,2,WD
43736454825,2,CC
43736454825,2,CC
44231886556,2,CC
44231886556,2,FW
44231886556,2,CC
44231886556,2,DC
44231886556,2,FD
44231886556,2,FW
44231886556,2,JB
44231886556,2,JD
44231886556,2,UV
44799642380,2,CC
44799642380,2,CC
45293052304,2,CC
45293052304,2,CC
45410114111,2,CC
45410114111,2,CC
522145128789,2,CC
522145128789,2,CC
522145128789,2,SJ
523084126902,2,CC
523084126902,2,CC
18820622609,2,CC
18820622609,2,CC
18820622609,2,DC
20186366493,2,CC
20186366493,2,CC
20186366493,2,SJ
20373091017,2,CC
20373091017,2,CC
20728727154,2,CC
20728727154,2,YK
20728727154,2,CC
20728727154,2,DC
20728727154,2,RG
20728727154,2,YK
23896264169,2,UV
23896264169,2,DC
23896264169,2,UV
23896264169,2,YK
24319152517,2,CC
24319152517,2,CC
24319152517,2,FD
24319152517,2,QT
35674260254,2,CC
35674260254,2,CC
36982442137,2,CC
36982442137,2,UV
36982442137,2,CC
36982442137,2,CC
36982442137,2,DK
36982442137,2,RG
36982442137,2,UV
36982442137,2,UV
36982442137,2,WD
36982442137,2,XB
36982442137,2,YK
37745552927,2,CC
37745552927,2,CC
37745552927,2,DC
37745552927,2,FD
37745552927,2,UV
40148868087,2,CC
40148868087,2,CC
40175359932,2,CC
40175359932,2,CC
42981617542,2,DC
42981617542,2,JB
44069100271,2,CC
44069100271,2,CC
522086451970,2,CC
522086451970,2,CC
522743875767,2,CC
522743875767,2,CC
42681494957,2,CC
42681494957,2,XB
42681494957,2,CC
42681494957,2,DC
42681494957,2,JB
42681494957,2,XB
42681494957,2,XN
37443266749,2,CC
37443266749,2,CC
43452978184,2,CC
43452978184,2,UV
43452978184,2,CC
43452978184,2,UV
43452978184,2,YK
25673844634,2,CC
25673844634,2,CC
25673844634,2,FW
25673844634,2,SP
25673844634,2,UV
25673844634,2,XN
25673844634,2,XN
25673844634,2,ZG
23924620234,2,CC
23924620234,2,CC
23924620234,2,ND
23924620234,2,YK
40452911197,2,CC
40452911197,2,CC
43853759026,2,CC
43853759026,2,CC
44881048637,2,CC
44881048637,2,CC
44881048637,2,MO
44881048637,2,YK
522863996797,2,CC
36513357018,2,BU
36513357018,2,CC
36513357018,2,DK
36513357018,2,FD
36513357018,2,QT
36513357018,2,SP
36513357018,2,JD
36513357018,2,UV
36513357018,2,WD
36513357018,2,YK
36513357018,2,ZG
18352298789,2,DC
18352298789,2,YK
37241107923,2,MO
37241107923,2,DC
37241107923,2,MO
23969324559,2,CC
23969324559,2,XB
23969324559,2,CC
23969324559,2,DC
23969324559,2,JB
23969324559,2,XB
23969324559,2,XN
24291960195,2,CC
24291960195,2,CC
24291960195,2,UV
43426870825,2,CC
43426870825,2,CC
43426870825,2,DK
43426870825,2,WD
38631814095,2,CC
38631814095,2,XB
38631814095,2,YK
38631814095,2,CC
38631814095,2,FD
38631814095,2,XB
38631814095,2,XN
36574928690,2,UV
36574928690,2,ZG
44331296085,2,CC
44331296085,2,CC
44331296085,2,SJ
43473279886,2,DC
43473279886,2,CC
44021641588,3,CC
18999829018,3,CC
18999829018,3,CC
24596036343,3,CC
24596036343,3,CC
24596036343,3,DC
24596036343,3,JB
24596036343,3,ZG
45219159638,3,CC
40565901878,3,DK
40565901878,3,QC
40565901878,3,UV
40565901878,3,CC
40565901878,3,XB
40565901878,3,DC
36613205733,3,CC
36613205733,3,XB
36613205733,3,CC
36613205733,3,XB
36613205733,3,DC
36613205733,3,EJ
36613205733,3,YD
43859660891,3,CC
43859660891,3,CC
38708270318,3,CC
38708270318,3,CC
35540978058,3,CC
35540978058,3,CC
35540978058,3,UV
35540978058,3,DC
35540978058,3,PZ
26519380192,3,CC
26519380192,3,UV
26519380192,3,CC
26519380192,3,UV
26519380192,3,DC
521513506795,3,XB
521513506795,3,XB
521513506795,3,DC
521513506795,3,RG
521513506795,3,YK
18053093587,3,CC
18053093587,3,UV
18053093587,3,XB
18053093587,3,CC
18053093587,3,UV
18053093587,3,XB
18053093587,3,ZG
18053093587,3,FW
42468840454,3,CC
42468840454,3,CC
42468840454,3,MO
42468840454,3,YK
42468840454,3,GJ
522033862841,3,CC
522033862841,3,CC
521870063421,3,CC
521870063421,3,SJ
521870063421,3,CC
522097809685,3,XB
522097809685,3,XB
522097809685,3,DC
522097809685,3,MO
523776961013,3,XN
523776961013,3,YK
523776961013,3,XB
523776961013,3,ND
16831203027,3,CC
16831203027,3,CC
19999809846,3,CC
19999809846,3,XB
19999809846,3,CC
19999809846,3,GJ
19999809846,3,QT
19999809846,3,XB
20167630571,3,CC
20167630571,3,XB
20167630571,3,CC
20167630571,3,DC
20167630571,3,SP
20167630571,3,XB
27462844289,3,CC
27462844289,3,CC
27462844289,3,DC
36910165248,3,FW
36910165248,3,ND
36910165248,3,XB
36910165248,3,XN
36910165248,3,YK
37994506504,3,CC
37994506504,3,CC
38663832002,3,CC
38663832002,3,CC
39237426326,3,CC
39237426326,3,CC
39237426326,3,DC
41802068265,3,CC
41802068265,3,XB
41802068265,3,QT
41802068265,3,WD
41802068265,3,XB
43168072227,3,CC
43168072227,3,XB
43168072227,3,CC
43168072227,3,WD
43168072227,3,XB
43736454825,3,CC
43736454825,3,XB
43736454825,3,CC
43736454825,3,QT
43736454825,3,WD
43736454825,3,XB
44231886556,3,BU
44231886556,3,CC
44231886556,3,FW
44231886556,3,QC
44231886556,3,CC
44231886556,3,DC
44231886556,3,FD
44231886556,3,FW
44231886556,3,JD
44231886556,3,PZ
44231886556,3,QT
44231886556,3,RG
44231886556,3,SJ
44231886556,3,UV
44799642380,3,CC
44799642380,3,CC
45293052304,3,CC
45293052304,3,CC
45410114111,3,CC
45410114111,3,CC
522145128789,3,CC
522145128789,3,CC
522145128789,3,SJ
523084126902,3,DC
18820622609,3,CC
18820622609,3,UV
18820622609,3,CC
18820622609,3,DC
18820622609,3,UV
20186366493,3,CC
20186366493,3,CC
20186366493,3,SJ
20373091017,3,CC
20373091017,3,CC
20728727154,3,CC
20728727154,3,UV
20728727154,3,YK
20728727154,3,CC
20728727154,3,DC
20728727154,3,UV
20728727154,3,XN
20728727154,3,YK
23896264169,3,CC
23896264169,3,UV
23896264169,3,CC
23896264169,3,UV
23896264169,3,YK
24319152517,3,CC
24319152517,3,UV
24319152517,3,XB
24319152517,3,CC
24319152517,3,DC
24319152517,3,FD
24319152517,3,JB
24319152517,3,QT
24319152517,3,UV
24319152517,3,WD
24319152517,3,XB
24319152517,3,YK
35674260254,3,CC
35674260254,3,CC
36982442137,3,CC
36982442137,3,DK
36982442137,3,MO
36982442137,3,UV
36982442137,3,XB
36982442137,3,CC
36982442137,3,DK
36982442137,3,UV
36982442137,3,WD
36982442137,3,XB
36982442137,3,ZG
37745552927,3,CC
37745552927,3,CC
37745552927,3,DC
37745552927,3,FD
37745552927,3,RG
37745552927,3,SJ
37745552927,3,UV
40148868087,3,CC
40148868087,3,CC
40175359932,3,CC
40175359932,3,CC
42981617542,3,CC
42981617542,3,CC
42981617542,3,DC
42981617542,3,JB
42981617542,3,ZG
44069100271,3,CC
44069100271,3,CC
522086451970,3,CC
522086451970,3,CC
522743875767,3,CC
522743875767,3,CC
42681494957,3,CC
42681494957,3,XB
42681494957,3,CC
42681494957,3,DC
42681494957,3,JB
42681494957,3,ND
42681494957,3,RG
42681494957,3,XB
42681494957,3,XN
37443266749,3,CC
37443266749,3,CC
43452978184,3,CC
43452978184,3,UV
43452978184,3,CC
43452978184,3,SJ
43452978184,3,UV
25673844634,3,CC
25673844634,3,CC
25673844634,3,FW
25673844634,3,SP
25673844634,3,UV
25673844634,3,XN
25673844634,3,XN
25673844634,3,ZG
23924620234,3,CC
23924620234,3,CC
23924620234,3,ND
23924620234,3,YK
40452911197,3,CC
40452911197,3,CC
43853759026,3,CC
43853759026,3,CC
44881048637,3,CC
44881048637,3,UV
44881048637,3,XB
44881048637,3,CC
44881048637,3,MO
44881048637,3,UV
44881048637,3,XB
44881048637,3,YK
522863996797,3,CC
36513357018,3,BU
36513357018,3,CC
36513357018,3,DC
36513357018,3,DK
36513357018,3,FD
36513357018,3,QT
36513357018,3,SP
36513357018,3,JD
36513357018,3,UV
36513357018,3,WD
36513357018,3,YK
36513357018,3,ZG
18352298789,3,DC
18352298789,3,YK
18352298789,3,ZG
23969324559,3,CC
23969324559,3,XB
23969324559,3,CC
23969324559,3,DC
23969324559,3,JB
23969324559,3,ND
23969324559,3,RG
23969324559,3,XB
23969324559,3,XN
24291960195,3,CC
24291960195,3,XB
24291960195,3,CC
24291960195,3,DC
24291960195,3,UV
24291960195,3,XB
24291960195,3,ZG
43426870825,3,CC
43426870825,3,CC
43426870825,3,DC
43426870825,3,DK
43426870825,3,WD
38631814095,3,CC
38631814095,3,UV
38631814095,3,XB
38631814095,3,YK
38631814095,3,CC
38631814095,3,FD
38631814095,3,PZ
38631814095,3,UV
38631814095,3,XB
38631814095,3,XN
36574928690,3,CC
36574928690,3,ND
36574928690,3,CC
36574928690,3,DC
36574928690,3,UV
36574928690,3,XB
36574928690,3,ZG
44331296085,3,CC
44331296085,3,DK
44331296085,3,XB
44331296085,3,CC
44331296085,3,DK
44331296085,3,QT
44331296085,3,SJ
44331296085,3,WD
44331296085,3,XB
44331296085,3,YK
43473279886,3,DC
43473279886,3,CC
44021641588,4,CC
18999829018,4,DC
24596036343,4,CC
24596036343,4,MO
24596036343,4,CC
24596036343,4,FH
24596036343,4,DC
24596036343,4,JB
24596036343,4,ZG
24596036343,4,YK
45219159638,4,CC
36613205733,4,CC
36613205733,4,XB
36613205733,4,CC
36613205733,4,XB
36613205733,4,DC
36613205733,4,RG
36613205733,4,ND
36613205733,4,EJ
36613205733,4,YD
43859660891,4,CC
43859660891,4,CC
38708270318,4,CC
38708270318,4,CC
38708270318,4,XN
38708270318,4,PZ
35540978058,4,CC
35540978058,4,CC
35540978058,4,UV
35540978058,4,DC
35540978058,4,PZ
26519380192,4,CC
26519380192,4,UV
26519380192,4,XB
26519380192,4,DK
26519380192,4,CC
26519380192,4,UV
26519380192,4,XB
26519380192,4,DK
26519380192,4,DC
521513506795,4,CC
521513506795,4,XB
521513506795,4,CC
521513506795,4,XB
521513506795,4,DC
521513506795,4,RG
521513506795,4,YK
18053093587,4,CC
18053093587,4,UV
18053093587,4,XB
18053093587,4,CC
18053093587,4,UV
18053093587,4,XB
18053093587,4,ZG
18053093587,4,FW
42468840454,4,MO
42468840454,4,YK
42468840454,4,SJ
42468840454,4,DC
522033862841,4,CC
522033862841,4,CC
521870063421,4,MO
521870063421,4,DC
521870063421,4,SJ
522097809685,4,CC
522097809685,4,XB
522097809685,4,CC
522097809685,4,XB
522097809685,4,DC
522097809685,4,MO
522097809685,4,UV
522097809685,4,PZ
523776961013,4,CC
523776961013,4,CC
523776961013,4,XN
523776961013,4,YK
523776961013,4,XB
523776961013,4,ND
16831203027,4,BU
16831203027,4,CC
16831203027,4,CC
16831203027,4,GJ
16831203027,4,DC
16831203027,4,QT
16831203027,4,SJ
16831203027,4,WD
16831203027,4,XN
16831203027,4,YK
19999809846,4,XB
19999809846,4,DC
19999809846,4,GJ
19999809846,4,QT
19999809846,4,SJ
19999809846,4,XB
19999809846,4,XN
20167630571,4,CC
20167630571,4,WD
20167630571,4,XB
20167630571,4,CC
20167630571,4,DC
20167630571,4,ND
20167630571,4,SP
20167630571,4,XB
27462844289,4,CC
27462844289,4,CC
27462844289,4,DC
36910165248,4,CC
36910165248,4,CC
36910165248,4,FW
36910165248,4,ND
36910165248,4,XB
36910165248,4,XN
36910165248,4,YK
37994506504,4,CC
37994506504,4,CC
37994506504,4,PZ
37994506504,4,XN
38663832002,4,CC
38663832002,4,CC
38663832002,4,PZ
38663832002,4,XN
39237426326,4,CC
39237426326,4,CC
39237426326,4,DC
41802068265,4,CC
41802068265,4,XB
41802068265,4,CC
41802068265,4,DC
41802068265,4,GJ
41802068265,4,QT
41802068265,4,SJ
41802068265,4,WD
41802068265,4,XB
43168072227,4,CC
43168072227,4,DK
43168072227,4,XB
43168072227,4,CC
43168072227,4,DC
43168072227,4,DK
43168072227,4,ND
43168072227,4,QT
43168072227,4,SJ
43168072227,4,UV
43168072227,4,WD
43168072227,4,XB
43736454825,4,CC
43736454825,4,SJ
43736454825,4,XB
43736454825,4,CC
43736454825,4,DC
43736454825,4,GJ
43736454825,4,QT
43736454825,4,SJ
43736454825,4,WD
43736454825,4,XB
44231886556,4,BU
44231886556,4,CC
44231886556,4,FW
44231886556,4,QC
44231886556,4,CC
44231886556,4,DC
44231886556,4,FD
44231886556,4,FW
44231886556,4,GJ
44231886556,4,JD
44231886556,4,QT
44231886556,4,RG
44231886556,4,SJ
44231886556,4,SP
44231886556,4,UV
44231886556,4,WJ
44231886556,4,XN
44799642380,4,CC
44799642380,4,CC
45293052304,4,DC
45293052304,4,FW
45293052304,4,SJ
45410114111,4,CC
45410114111,4,CC
45410114111,4,DC
45410114111,4,PZ
522145128789,4,CC
522145128789,4,CC
522145128789,4,DC
522145128789,4,SJ
523084126902,4,DC
20186366493,4,DC
20728727154,4,CC
20728727154,4,UV
20728727154,4,YK
20728727154,4,CC
20728727154,4,DC
20728727154,4,SJ
20728727154,4,UV
20728727154,4,XN
20728727154,4,YK
23896264169,4,CC
23896264169,4,UV
23896264169,4,CC
23896264169,4,DC
23896264169,4,UV
23896264169,4,WD
23896264169,4,YK
24319152517,4,CC
24319152517,4,UV
24319152517,4,XB
24319152517,4,CC
24319152517,4,DC
24319152517,4,FD
24319152517,4,JB
24319152517,4,QT
24319152517,4,UV
24319152517,4,WD
24319152517,4,XB
24319152517,4,YK
35674260254,4,CC
35674260254,4,CC
36982442137,4,CC
36982442137,4,DK
36982442137,4,MO
36982442137,4,UV
36982442137,4,XB
36982442137,4,CC
36982442137,4,DK
36982442137,4,UV
36982442137,4,XB
36982442137,4,ZG
37745552927,4,CC
37745552927,4,CC
37745552927,4,DC
37745552927,4,FD
37745552927,4,GJ
37745552927,4,RG
37745552927,4,SJ
37745552927,4,SP
37745552927,4,UV
37745552927,4,WJ
37745552927,4,XN
40148868087,4,SJ
40148868087,4,SJ
40175359932,4,DC
42981617542,4,CC
42981617542,4,MO
42981617542,4,CC
42981617542,4,DC
42981617542,4,FH
42981617542,4,JB
42981617542,4,YK
42981617542,4,ZG
44069100271,4,DC
522086451970,4,CC
522086451970,4,CC
522086451970,4,DC
522086451970,4,UV
522743875767,4,CC
522743875767,4,CC
42681494957,4,CC
42681494957,4,UV
42681494957,4,XB
42681494957,4,CC
42681494957,4,DC
42681494957,4,GJ
42681494957,4,JB
42681494957,4,ND
42681494957,4,RG
42681494957,4,UV
42681494957,4,WD
42681494957,4,XB
42681494957,4,XN
37443266749,4,DC
43452978184,4,CC
43452978184,4,UV
43452978184,4,CC
43452978184,4,SJ
43452978184,4,UV
43452978184,4,YK
25673844634,4,CC
25673844634,4,CC
25673844634,4,FW
25673844634,4,SP
25673844634,4,UV
25673844634,4,XN
25673844634,4,XN
25673844634,4,ZG
23924620234,4,DC
23924620234,4,GJ
23924620234,4,ND
23924620234,4,PZ
23924620234,4,SJ
23924620234,4,YK
40452911197,4,CC
40452911197,4,CC
43853759026,4,DC
44881048637,4,CC
44881048637,4,UV
44881048637,4,XB
44881048637,4,CC
44881048637,4,DK
44881048637,4,QT
44881048637,4,SJ
44881048637,4,MO
44881048637,4,UV
44881048637,4,XB
44881048637,4,YK
522863996797,4,CC
36513357018,4,BU
36513357018,4,CC
36513357018,4,DC
36513357018,4,DK
36513357018,4,FD
36513357018,4,QT
36513357018,4,SP
36513357018,4,JD
36513357018,4,UV
36513357018,4,WD
36513357018,4,YK
36513357018,4,ZG
18352298789,4,DC
18352298789,4,QT
18352298789,4,YK
18352298789,4,ZG
23969324559,4,CC
23969324559,4,UV
23969324559,4,XB
23969324559,4,CC
23969324559,4,DC
23969324559,4,GJ
23969324559,4,JB
23969324559,4,ND
23969324559,4,RG
23969324559,4,UV
23969324559,4,WD
23969324559,4,XB
23969324559,4,XN
24291960195,4,CC
24291960195,4,XB
24291960195,4,CC
24291960195,4,DC
24291960195,4,UV
24291960195,4,XB
24291960195,4,ZG
43426870825,4,CC
43426870825,4,CC
43426870825,4,DC
43426870825,4,DK
43426870825,4,WD
36574928690,4,CC
36574928690,4,ND
36574928690,4,CC
36574928690,4,DC
36574928690,4,UV
36574928690,4,XB
36574928690,4,ZG
43473279886,4,CC
18999829018,5,CC
18999829018,5,CC
18999829018,5,DC
24596036343,5,CC
24596036343,5,MO
24596036343,5,CC
24596036343,5,FH
24596036343,5,DC
24596036343,5,JB
24596036343,5,ZG
24596036343,5,YK
36613205733,5,CC
36613205733,5,XB
36613205733,5,UV
36613205733,5,CC
36613205733,5,XB
36613205733,5,UV
36613205733,5,DC
36613205733,5,RG
36613205733,5,ND
36613205733,5,WD
36613205733,5,EJ
36613205733,5,YD
43859660891,5,DC
38708270318,5,DC
35540978058,5,CC
35540978058,5,CC
35540978058,5,UV
35540978058,5,DC
35540978058,5,PZ
26519380192,5,CC
26519380192,5,UV
26519380192,5,XB
26519380192,5,DK
26519380192,5,CC
26519380192,5,UV
26519380192,5,XB
26519380192,5,DK
26519380192,5,DC
26519380192,5,QT
26519380192,5,SJ
521513506795,5,CC
521513506795,5,XB
521513506795,5,CC
521513506795,5,XB
521513506795,5,DC
521513506795,5,RG
521513506795,5,YK
521513506795,5,ND
18053093587,5,CC
18053093587,5,UV
18053093587,5,XB
18053093587,5,CC
18053093587,5,UV
18053093587,5,XB
18053093587,5,ZG
18053093587,5,FW
18053093587,5,DC
18053093587,5,YK
18053093587,5,SJ
42468840454,5,CC
42468840454,5,CC
42468840454,5,MO
42468840454,5,YK
42468840454,5,SJ
42468840454,5,DC
522033862841,5,SJ
522033862841,5,DC
522033862841,5,BJ
522033862841,5,PZ
522033862841,5,SJ
521870063421,5,CC
521870063421,5,SJ
521870063421,5,CC
521870063421,5,DC
521870063421,5,SJ
522097809685,5,CC
522097809685,5,XB
522097809685,5,CC
522097809685,5,XB
522097809685,5,DC
522097809685,5,MO
522097809685,5,UV
522097809685,5,PZ
523776961013,5,CC
523776961013,5,CC
523776961013,5,XN
523776961013,5,YK
523776961013,5,XB
523776961013,5,ND
16831203027,5,CC
16831203027,5,CC
16831203027,5,GJ
16831203027,5,DC
16831203027,5,QT
16831203027,5,SJ
16831203027,5,WD
16831203027,5,XN
16831203027,5,YK
19999809846,5,CC
19999809846,5,XB
19999809846,5,BJ
19999809846,5,CC
19999809846,5,DC
19999809846,5,GJ
19999809846,5,QT
19999809846,5,SJ
19999809846,5,XB
19999809846,5,XN
20167630571,5,CC
20167630571,5,XB
20167630571,5,CC
20167630571,5,DC
20167630571,5,ND
20167630571,5,SJ
20167630571,5,SP
20167630571,5,XB
27462844289,5,CC
27462844289,5,XB
27462844289,5,CC
27462844289,5,DC
27462844289,5,PZ
27462844289,5,SJ
27462844289,5,XB
36910165248,5,CC
36910165248,5,CC
36910165248,5,FW
36910165248,5,ND
36910165248,5,XB
36910165248,5,XN
36910165248,5,YK
37994506504,5,DC
38663832002,5,DC
41802068265,5,CC
41802068265,5,XB
41802068265,5,CC
41802068265,5,DC
41802068265,5,GJ
41802068265,5,QT
41802068265,5,SJ
41802068265,5,WD
41802068265,5,XB
43168072227,5,CC
43168072227,5,DK
43168072227,5,XB
43168072227,5,CC
43168072227,5,DC
43168072227,5,DK
43168072227,5,ND
43168072227,5,QT
43168072227,5,SJ
43168072227,5,UV
43168072227,5,WD
43168072227,5,XB
43736454825,5,CC
43736454825,5,SJ
43736454825,5,XB
43736454825,5,CC
43736454825,5,DC
43736454825,5,GJ
43736454825,5,QT
43736454825,5,SJ
43736454825,5,WD
43736454825,5,XB
44799642380,5,SJ
44799642380,5,BJ
44799642380,5,DC
44799642380,5,PZ
44799642380,5,SJ
45293052304,5,CC
45293052304,5,CC
45293052304,5,DC
45293052304,5,FW
45293052304,5,SJ
45410114111,5,CC
45410114111,5,SJ
45410114111,5,CC
45410114111,5,DC
45410114111,5,PZ
45410114111,5,SJ
522145128789,5,DC
522145128789,5,SJ
523084126902,5,DC
20186366493,5,CC
20186366493,5,CC
20186366493,5,DC
20186366493,5,SJ
20728727154,5,CC
20728727154,5,DK
20728727154,5,UV
20728727154,5,XB
20728727154,5,YK
20728727154,5,CC
20728727154,5,DC
20728727154,5,RG
20728727154,5,SJ
20728727154,5,UV
20728727154,5,XB
20728727154,5,XN
20728727154,5,YK
23896264169,5,CC
23896264169,5,UV
23896264169,5,CC
23896264169,5,DC
23896264169,5,SJ
23896264169,5,UV
23896264169,5,WD
23896264169,5,YK
24319152517,5,CC
24319152517,5,UV
24319152517,5,XB
24319152517,5,CC
24319152517,5,DC
24319152517,5,FD
24319152517,5,JB
24319152517,5,QT
24319152517,5,SJ
24319152517,5,UV
24319152517,5,WD
24319152517,5,XB
24319152517,5,YK
35674260254,5,CC
35674260254,5,CC
35674260254,5,DC
36982442137,5,CC
36982442137,5,DK
36982442137,5,MO
36982442137,5,UV
36982442137,5,XB
36982442137,5,CC
36982442137,5,DC
36982442137,5,DK
36982442137,5,FW
36982442137,5,SJ
36982442137,5,UV
36982442137,5,XB
36982442137,5,YK
36982442137,5,ZG
37745552927,5,XB
37745552927,5,SJ
37745552927,5,XB
37745552927,5,
40148868087,5,CC
40148868087,5,SJ
40148868087,5,CC
40148868087,5,SJ
40175359932,5,CC
40175359932,5,CC
40175359932,5,DC
42981617542,5,CC
42981617542,5,MO
42981617542,5,CC
42981617542,5,DC
42981617542,5,FH
42981617542,5,JB
42981617542,5,YK
42981617542,5,ZG
44069100271,5,CC
44069100271,5,CC
44069100271,5,DC
522086451970,5,CC
522086451970,5,CC
522086451970,5,DC
522086451970,5,UV
522743875767,5,DC
42681494957,5,CC
42681494957,5,UV
42681494957,5,XB
42681494957,5,CC
42681494957,5,DC
42681494957,5,GJ
42681494957,5,JB
42681494957,5,ND
42681494957,5,RG
42681494957,5,UV
42681494957,5,WD
42681494957,5,XB
42681494957,5,XN
37443266749,5,CC
37443266749,5,CC
37443266749,5,DC
23924620234,5,CC
23924620234,5,CC
23924620234,5,DC
23924620234,5,GJ
23924620234,5,ND
23924620234,5,PZ
23924620234,5,SJ
23924620234,5,YK
40452911197,5,QT
40452911197,5,DC
40452911197,5,JB
40452911197,5,QC
40452911197,5,QT
43853759026,5,CC
43853759026,5,CC
43853759026,5,DC
36513357018,5,BU
36513357018,5,CC
36513357018,5,DC
36513357018,5,DK
36513357018,5,FD
36513357018,5,QT
36513357018,5,SP
36513357018,5,JD
36513357018,5,UV
36513357018,5,WD
36513357018,5,YK
36513357018,5,ZG
18352298789,5,CC
18352298789,5,CC
18352298789,5,DC
18352298789,5,QT
18352298789,5,YK
18352298789,5,ZG
23969324559,5,CC
23969324559,5,UV
23969324559,5,XB
23969324559,5,CC
23969324559,5,DC
23969324559,5,GJ
23969324559,5,JB
23969324559,5,ND
23969324559,5,RG
23969324559,5,UV
23969324559,5,WD
23969324559,5,XB
23969324559,5,XN
24291960195,5,CC
24291960195,5,XB
24291960195,5,CC
24291960195,5,DC
24291960195,5,UV
24291960195,5,XB
24291960195,5,ZG
43426870825,5,CC
43426870825,5,CC
43426870825,5,DC
43426870825,5,DK
43426870825,5,WD
36574928690,5,CC
36574928690,5,ND
36574928690,5,XB
36574928690,5,CC
36574928690,5,DC
36574928690,5,UV
36574928690,5,ZG
43473279886,5,CC
18999829018,6,CC
18999829018,6,CC
18999829018,6,DC
24596036343,6,CC
24596036343,6,MO
24596036343,6,CC
24596036343,6,FH
24596036343,6,DC
24596036343,6,JB
24596036343,6,ZG
24596036343,6,YK
24596036343,6,PZ
36613205733,6,CC
36613205733,6,XB
36613205733,6,UV
36613205733,6,CC
36613205733,6,XB
36613205733,6,UV
36613205733,6,DC
36613205733,6,RG
36613205733,6,ND
36613205733,6,WD
36613205733,6,BD
36613205733,6,EJ
36613205733,6,YD
43859660891,6,CC
43859660891,6,DC
43859660891,6,CC
38708270318,6,CC
38708270318,6,CC
38708270318,6,SJ
38708270318,6,DC
26519380192,6,CC
26519380192,6,UV
26519380192,6,XB
26519380192,6,DK
26519380192,6,CC
26519380192,6,UV
26519380192,6,XB
26519380192,6,DK
26519380192,6,DC
26519380192,6,QT
26519380192,6,SJ
521513506795,6,SJ
521513506795,6,XB
521513506795,6,SJ
521513506795,6,XB
521513506795,6,DC
521513506795,6,RG
521513506795,6,YK
521513506795,6,ND
521513506795,6,PZ
18053093587,6,CC
18053093587,6,UV
18053093587,6,XB
18053093587,6,CC
18053093587,6,UV
18053093587,6,XB
18053093587,6,ZG
18053093587,6,FW
18053093587,6,DC
18053093587,6,YK
18053093587,6,SJ
42468840454,6,MO
42468840454,6,YK
42468840454,6,SJ
42468840454,6,DC
42468840454,6,XN
522033862841,6,CC
522033862841,6,SJ
522033862841,6,JC
522033862841,6,CC
522033862841,6,DC
522033862841,6,BJ
522033862841,6,PZ
522033862841,6,SJ
521870063421,6,CC
521870063421,6,SJ
521870063421,6,CC
521870063421,6,DC
521870063421,6,SJ
522097809685,6,CC
522097809685,6,XB
522097809685,6,CC
522097809685,6,XB
522097809685,6,DC
522097809685,6,MO
523776961013,6,CC
523776961013,6,CC
523776961013,6,XN
523776961013,6,YK
523776961013,6,XB
523776961013,6,ND
523776961013,6,XB
523776961013,6,XB
523776961013,6,WJ
523776961013,6,XN
16831203027,6,CC
16831203027,6,CC
16831203027,6,GJ
16831203027,6,DC
16831203027,6,ND
16831203027,6,PZ
16831203027,6,QT
16831203027,6,SJ
16831203027,6,WD
16831203027,6,XN
16831203027,6,YK
19999809846,6,XB
19999809846,6,BJ
19999809846,6,DC
19999809846,6,GJ
19999809846,6,QT
19999809846,6,SJ
19999809846,6,XB
19999809846,6,XN
19999809846,6,XN
27462844289,6,CC
27462844289,6,XB
27462844289,6,CC
27462844289,6,DC
27462844289,6,PZ
27462844289,6,SJ
27462844289,6,XB
36910165248,6,CC
36910165248,6,CC
36910165248,6,FW
36910165248,6,ND
36910165248,6,WJ
36910165248,6,XB
36910165248,6,XN
36910165248,6,XN
36910165248,6,YK
37994506504,6,CC
37994506504,6,CC
37994506504,6,DC
37994506504,6,SJ
38663832002,6,CC
38663832002,6,CC
38663832002,6,DC
38663832002,6,SJ
41802068265,6,FD
41802068265,6,XB
41802068265,6,YK
41802068265,6,DC
41802068265,6,GJ
41802068265,6,QT
41802068265,6,SJ
41802068265,6,WD
41802068265,6,XB
41802068265,6,XN
41802068265,6,UV
43168072227,6,CC
43168072227,6,DK
43168072227,6,XB
43168072227,6,CC
43168072227,6,DC
43168072227,6,DK
43168072227,6,ND
43168072227,6,QT
43168072227,6,SJ
43168072227,6,UV
43168072227,6,WD
43168072227,6,XB
43736454825,6,SJ
43736454825,6,XB
43736454825,6,DC
43736454825,6,GJ
43736454825,6,QT
43736454825,6,SJ
43736454825,6,WD
43736454825,6,XB
43736454825,6,XN
44799642380,6,CC
44799642380,6,SJ
44799642380,6,BJ
44799642380,6,CC
44799642380,6,DC
44799642380,6,PZ
44799642380,6,SJ
45293052304,6,CC
45293052304,6,CC
45293052304,6,DC
45293052304,6,FW
45293052304,6,SJ
45410114111,6,SJ
45410114111,6,XB
45410114111,6,DC
45410114111,6,GJ
45410114111,6,PZ
45410114111,6,SJ
45410114111,6,XB
522145128789,6,CC
522145128789,6,CC
522145128789,6,DC
522145128789,6,SJ
523084126902,6,CC
523084126902,6,CC
523084126902,6,DC
20186366493,6,CC
20186366493,6,CC
20186366493,6,DC
20186366493,6,SJ
20728727154,6,CC
20728727154,6,DK
20728727154,6,UV
20728727154,6,XB
20728727154,6,YK
20728727154,6,CC
20728727154,6,DC
20728727154,6,RG
20728727154,6,SJ
20728727154,6,UV
20728727154,6,XB
20728727154,6,XN
20728727154,6,YK
23896264169,6,CC
23896264169,6,UV
23896264169,6,XB
23896264169,6,CC
23896264169,6,DC
23896264169,6,SJ
23896264169,6,UV
23896264169,6,WD
23896264169,6,XB
23896264169,6,YK
35674260254,6,CC
35674260254,6,CC
35674260254,6,DC
36982442137,6,CC
36982442137,6,DK
36982442137,6,MO
36982442137,6,UV
36982442137,6,XB
36982442137,6,CC
36982442137,6,DC
36982442137,6,DK
36982442137,6,FW
36982442137,6,SJ
36982442137,6,UV
36982442137,6,XB
36982442137,6,YK
36982442137,6,ZG
40148868087,6,CC
40148868087,6,SJ
40148868087,6,CC
40148868087,6,SJ
40175359932,6,CC
40175359932,6,CC
40175359932,6,DC
42981617542,6,CC
42981617542,6,MO
42981617542,6,CC
42981617542,6,DC
42981617542,6,FH
42981617542,6,JB
42981617542,6,PZ
42981617542,6,YK
42981617542,6,ZG
44069100271,6,DC
522086451970,6,CC
522086451970,6,CC
522086451970,6,DC
522086451970,6,UV
522743875767,6,CC
522743875767,6,CC
522743875767,6,DC
37443266749,6,CC
37443266749,6,CC
37443266749,6,DC
23924620234,6,CC
23924620234,6,CC
23924620234,6,DC
23924620234,6,GJ
23924620234,6,ND
23924620234,6,PZ
23924620234,6,SJ
23924620234,6,YK
40452911197,6,CC
40452911197,6,QT
40452911197,6,CC
40452911197,6,DC
40452911197,6,JB
40452911197,6,QC
40452911197,6,QT
43853759026,6,DC
43853759026,6,SJ
18352298789,6,CC
18352298789,6,CC
18352298789,6,DC
18352298789,6,QT
18352298789,6,YK
18352298789,6,ZG
23969324559,6,CC
23969324559,6,UV
23969324559,6,XB
23969324559,6,CC
23969324559,6,DC
23969324559,6,GJ
23969324559,6,JB
23969324559,6,ND
23969324559,6,RG
23969324559,6,UV
23969324559,6,WD
23969324559,6,XB
23969324559,6,XN
24291960195,6,CC
24291960195,6,XB
24291960195,6,CC
24291960195,6,DC
24291960195,6,UV
24291960195,6,XB
24291960195,6,ZG
18999829018,7,CC
18999829018,7,CC
18999829018,7,DC
18999829018,7,SJ
18999829018,7,XN
24596036343,7,CC
24596036343,7,CC
24596036343,7,DC
24596036343,7,JB
24596036343,7,ZG
24596036343,7,PZ
24596036343,7,XN
24596036343,7,SJ
43859660891,7,CC
43859660891,7,DC
43859660891,7,CC
38708270318,7,CC
38708270318,7,CC
38708270318,7,SJ
38708270318,7,DC
26519380192,7,CC
26519380192,7,UV
26519380192,7,XB
26519380192,7,DK
26519380192,7,CC
26519380192,7,UV
26519380192,7,XB
26519380192,7,DK
26519380192,7,DC
26519380192,7,QT
26519380192,7,SJ
521513506795,7,SJ
521513506795,7,CC
521513506795,7,XB
521513506795,7,SJ
521513506795,7,CC
521513506795,7,XB
521513506795,7,DC
521513506795,7,RG
521513506795,7,YK
521513506795,7,ND
521513506795,7,PZ
18053093587,7,CC
18053093587,7,UV
18053093587,7,XB
18053093587,7,CC
18053093587,7,UV
18053093587,7,XB
18053093587,7,ZG
18053093587,7,FW
18053093587,7,DC
18053093587,7,YK
18053093587,7,SJ
42468840454,7,CC
42468840454,7,CC
42468840454,7,MO
42468840454,7,YK
42468840454,7,SJ
42468840454,7,DC
42468840454,7,XN
42468840454,7,GJ
522033862841,7,CC
522033862841,7,SJ
522033862841,7,CC
522033862841,7,DC
522033862841,7,BJ
522033862841,7,PZ
522033862841,7,SJ
522097809685,7,CC
522097809685,7,XB
522097809685,7,SJ
522097809685,7,CC
522097809685,7,XB
522097809685,7,SJ
522097809685,7,DC
522097809685,7,MO
522097809685,7,ND
523776961013,7,CC
523776961013,7,CC
523776961013,7,XN
523776961013,7,YK
523776961013,7,XB
523776961013,7,ND
523776961013,7,XB
523776961013,7,XB
523776961013,7,WJ
523776961013,7,XN
16831203027,7,CC
16831203027,7,CC
16831203027,7,GJ
16831203027,7,DC
16831203027,7,ND
16831203027,7,PZ
16831203027,7,QT
16831203027,7,SJ
16831203027,7,WD
16831203027,7,XN
16831203027,7,YK
19999809846,7,CC
19999809846,7,XB
19999809846,7,BJ
19999809846,7,CC
19999809846,7,DC
19999809846,7,GJ
19999809846,7,JQ
19999809846,7,QT
19999809846,7,SJ
19999809846,7,XB
19999809846,7,XN
19999809846,7,XN
36910165248,7,CC
36910165248,7,CC
36910165248,7,FW
36910165248,7,ND
36910165248,7,WJ
36910165248,7,XB
36910165248,7,XN
36910165248,7,XN
36910165248,7,YK
37994506504,7,CC
37994506504,7,CC
37994506504,7,DC
37994506504,7,SJ
38663832002,7,CC
38663832002,7,CC
38663832002,7,DC
38663832002,7,SJ
41802068265,7,CC
41802068265,7,XB
41802068265,7,CC
41802068265,7,CC
41802068265,7,DC
41802068265,7,GJ
41802068265,7,JQ
41802068265,7,QT
41802068265,7,SJ
41802068265,7,WD
41802068265,7,XB
41802068265,7,XN
43168072227,7,CC
43168072227,7,UV
43168072227,7,XB
43168072227,7,CC
43168072227,7,DC
43168072227,7,ND
43168072227,7,PZ
43168072227,7,QT
43168072227,7,SJ
43168072227,7,UV
43168072227,7,WD
43168072227,7,XB
43168072227,7,XN
43736454825,7,CC
43736454825,7,SJ
43736454825,7,XB
43736454825,7,CC
43736454825,7,DC
43736454825,7,GJ
43736454825,7,QT
43736454825,7,SJ
43736454825,7,WD
43736454825,7,XB
43736454825,7,XN
44799642380,7,CC
44799642380,7,SJ
44799642380,7,BJ
44799642380,7,CC
44799642380,7,DC
44799642380,7,PZ
44799642380,7,SJ
45410114111,7,CC
45410114111,7,SJ
45410114111,7,UV
45410114111,7,XB
45410114111,7,CC
45410114111,7,DC
45410114111,7,GJ
45410114111,7,PZ
45410114111,7,SJ
45410114111,7,UV
45410114111,7,XB
522145128789,7,CC
522145128789,7,CC
522145128789,7,DC
522145128789,7,SJ
523084126902,7,DC
523084126902,7,PZ
523084126902,7,SJ
20186366493,7,CC
20186366493,7,CC
20186366493,7,DC
20186366493,7,SJ
20728727154,7,CC
20728727154,7,DK
20728727154,7,UV
20728727154,7,XB
20728727154,7,YK
20728727154,7,CC
20728727154,7,DC
20728727154,7,ND
20728727154,7,SJ
20728727154,7,UV
20728727154,7,XB
20728727154,7,XN
20728727154,7,YK
23896264169,7,CC
23896264169,7,UV
23896264169,7,XB
23896264169,7,CC
23896264169,7,DC
23896264169,7,SJ
23896264169,7,UV
23896264169,7,WD
23896264169,7,XB
23896264169,7,YK
35674260254,7,CC
35674260254,7,CC
35674260254,7,DC
36982442137,7,CC
36982442137,7,DK
36982442137,7,MO
36982442137,7,UV
36982442137,7,XB
36982442137,7,CC
36982442137,7,DC
36982442137,7,DK
36982442137,7,FW
36982442137,7,SJ
36982442137,7,UV
36982442137,7,XB
36982442137,7,YK
36982442137,7,ZG
40148868087,7,CC
40148868087,7,SJ
40148868087,7,CC
40148868087,7,SJ
40175359932,7,CC
40175359932,7,CC
40175359932,7,DC
42981617542,7,CC
42981617542,7,CC
42981617542,7,DC
42981617542,7,JB
42981617542,7,PZ
42981617542,7,SJ
42981617542,7,XN
42981617542,7,ZG
44069100271,7,CC
44069100271,7,CC
44069100271,7,DC
522743875767,7,CC
522743875767,7,CC
522743875767,7,DC
40452911197,7,CC
40452911197,7,QT
40452911197,7,CC
40452911197,7,DC
40452911197,7,JB
40452911197,7,QC
40452911197,7,QT
43853759026,7,CC
43853759026,7,CC
43853759026,7,DC
43853759026,7,SJ
18352298789,7,CC
18352298789,7,CC
18352298789,7,DC
18352298789,7,QT
18352298789,7,SJ
18352298789,7,YK
18352298789,7,ZG
23969324559,7,CC
23969324559,7,UV
23969324559,7,XB
23969324559,7,CC
23969324559,7,DC
23969324559,7,GJ
23969324559,7,JB
23969324559,7,ND
23969324559,7,RG
23969324559,7,UV
23969324559,7,WD
23969324559,7,XB
23969324559,7,XN
24291960195,7,CC
24291960195,7,XB
24291960195,7,CC
24291960195,7,DC
24291960195,7,UV
24291960195,7,XB
24291960195,7,ZG
18999829018,8,CC
18999829018,8,XB
18999829018,8,CC
18999829018,8,XB
18999829018,8,DC
18999829018,8,SJ
18999829018,8,XN
24596036343,8,CC
24596036343,8,MO
24596036343,8,CC
24596036343,8,FH
24596036343,8,DC
24596036343,8,JB
24596036343,8,ZG
24596036343,8,YK
24596036343,8,PZ
24596036343,8,XN
24596036343,8,SJ
43859660891,8,CC
43859660891,8,DC
43859660891,8,CC
38708270318,8,CC
38708270318,8,CC
38708270318,8,PZ
38708270318,8,XN
38708270318,8,SJ
38708270318,8,DC
521513506795,8,SJ
521513506795,8,CC
521513506795,8,XB
521513506795,8,SJ
521513506795,8,CC
521513506795,8,XB
521513506795,8,DC
521513506795,8,RG
521513506795,8,YK
521513506795,8,BD
521513506795,8,PZ
42468840454,8,CC
42468840454,8,CC
42468840454,8,MO
42468840454,8,YK
42468840454,8,SJ
42468840454,8,DC
42468840454,8,XN
42468840454,8,GJ
42468840454,8,PZ
522033862841,8,CC
522033862841,8,SJ
522033862841,8,CC
522033862841,8,DC
522033862841,8,BJ
522033862841,8,PZ
522033862841,8,SJ
522097809685,8,CC
522097809685,8,XB
522097809685,8,SJ
522097809685,8,CC
522097809685,8,XB
522097809685,8,SJ
522097809685,8,DC
522097809685,8,MO
522097809685,8,ND
16831203027,8,CC
16831203027,8,CC
16831203027,8,GJ
16831203027,8,DC
16831203027,8,ND
16831203027,8,PZ
16831203027,8,QT
16831203027,8,SJ
16831203027,8,WD
16831203027,8,XN
16831203027,8,YK
19999809846,8,CC
19999809846,8,XB
19999809846,8,BJ
19999809846,8,CC
19999809846,8,DC
19999809846,8,GJ
19999809846,8,JQ
19999809846,8,QT
19999809846,8,SJ
19999809846,8,XB
19999809846,8,XN
19999809846,8,XN
36910165248,8,CC
36910165248,8,CC
36910165248,8,FW
36910165248,8,GJ
36910165248,8,HJ
36910165248,8,ND
36910165248,8,WJ
36910165248,8,XB
36910165248,8,XN
36910165248,8,XN
36910165248,8,YK
37994506504,8,CC
37994506504,8,CC
37994506504,8,DC
37994506504,8,PZ
37994506504,8,SJ
37994506504,8,XN
38663832002,8,CC
38663832002,8,CC
38663832002,8,DC
38663832002,8,PZ
38663832002,8,SJ
38663832002,8,XN
41802068265,8,CC
41802068265,8,XB
41802068265,8,DC
41802068265,8,GJ
41802068265,8,JQ
41802068265,8,QT
41802068265,8,SJ
41802068265,8,WD
41802068265,8,XN
43168072227,8,CC
43168072227,8,UV
43168072227,8,XB
43168072227,8,CC
43168072227,8,DC
43168072227,8,ND
43168072227,8,PZ
43168072227,8,QT
43168072227,8,SJ
43168072227,8,UV
43168072227,8,WD
43168072227,8,XB
43168072227,8,XN
43736454825,8,CC
43736454825,8,SJ
43736454825,8,XB
43736454825,8,CC
43736454825,8,DC
43736454825,8,GJ
43736454825,8,JQ
43736454825,8,PZ
43736454825,8,QT
43736454825,8,SJ
43736454825,8,WD
43736454825,8,XB
43736454825,8,XN
44799642380,8,CC
44799642380,8,SJ
44799642380,8,BJ
44799642380,8,CC
44799642380,8,DC
44799642380,8,PZ
44799642380,8,SJ
45410114111,8,CC
45410114111,8,SJ
45410114111,8,UV
45410114111,8,XB
45410114111,8,CC
45410114111,8,DC
45410114111,8,GJ
45410114111,8,PZ
45410114111,8,SJ
45410114111,8,UV
45410114111,8,XB
522145128789,8,CC
522145128789,8,CC
522145128789,8,DC
522145128789,8,SJ
523084126902,8,CC
523084126902,8,CC
523084126902,8,DC
523084126902,8,PZ
523084126902,8,SJ
20186366493,8,CC
20186366493,8,CC
20186366493,8,DC
20186366493,8,SJ
20728727154,8,CC
20728727154,8,DK
20728727154,8,UV
20728727154,8,XB
20728727154,8,YK
20728727154,8,CC
20728727154,8,DC
20728727154,8,DK
20728727154,8,PZ
20728727154,8,RG
20728727154,8,SJ
20728727154,8,UV
20728727154,8,XB
20728727154,8,XN
20728727154,8,YK
23896264169,8,CC
23896264169,8,UV
23896264169,8,XB
23896264169,8,CC
23896264169,8,DC
23896264169,8,SJ
23896264169,8,UV
23896264169,8,WD
23896264169,8,XB
23896264169,8,YK
35674260254,8,CC
35674260254,8,CC
35674260254,8,DC
35674260254,8,MO
35674260254,8,ND
35674260254,8,RG
42981617542,8,CC
42981617542,8,MO
42981617542,8,CC
42981617542,8,DC
42981617542,8,FH
42981617542,8,JB
42981617542,8,PZ
42981617542,8,SJ
42981617542,8,XN
42981617542,8,YK
42981617542,8,ZG
44069100271,8,CC
44069100271,8,CC
44069100271,8,DC
522743875767,8,CC
522743875767,8,CC
522743875767,8,DC
40452911197,8,CC
40452911197,8,QT
40452911197,8,CC
40452911197,8,DC
40452911197,8,JB
40452911197,8,QC
40452911197,8,QT
43853759026,8,CC
43853759026,8,CC
43853759026,8,DC
43853759026,8,SJ
18352298789,8,CC
18352298789,8,CC
18352298789,8,DC
18352298789,8,QT
18352298789,8,SJ
18352298789,8,PZ
18352298789,8,YK
18352298789,8,ZG
23969324559,8,CC
23969324559,8,UV
23969324559,8,XB
23969324559,8,CC
23969324559,8,DC
23969324559,8,GJ
23969324559,8,JB
23969324559,8,ND
23969324559,8,RG
23969324559,8,UV
23969324559,8,WD
23969324559,8,XB
23969324559,8,XN
